WDS,plx_origin,plx,plx_err,kepler_min,kepler,kepler_max,gmass_min,gmass,gmass_max,gmass1_min,gmass1,gmass1_max,gmass2_min,gmass2,gmass2_max,plx_origin0,plx0,plx_err0,kepler0,rho,PA
00014+3937,H97,20.42,1.91,1.24,1.699,2.38,1.609,1.723,1.836,0.84,0.895,0.953,0.768,0.828,0.883,H07,20.15,0.89,1.756,1.33,167
00021-6817,H97,63.03,1.98,0.129,1.056,5.846,1.027,1.107,1.187,0.563,0.604,0.652,0.464,0.503,0.535,DR3,58.975,0.017,1.19,4.22,131
00028+0208,DR3,23.347,0.018,0.258,2.112,11.653,1.817,1.963,2.108,1.023,1.113,1.21,0.794,0.85,0.897,DR3,23.347,0.018,1.95,1.57,160
00047+3416,H97,6.13,1.59,1.009,3.89,17.946,3.446,4.057,5.275,1.779,2.089,2.762,1.668,1.969,2.513,H07,5.64,1.42,4.538,0.73,142
00048+3810,DR3,10.97,0.04,0.643,1.921,6.309,1.773,1.875,1.979,0.919,0.973,1.025,0.854,0.902,0.954,DR3,10.97,0.04,1.89,0.89,28
00057+4549,H97,85.1,2.74,0.373,1.119,3.676,1.125,1.207,1.303,0.565,0.607,0.654,0.56,0.601,0.648,H97,85.1,2.74,1.098,6.03,188
00063+5826,H97,49.3,1.05,1.997,2.189,2.398,1.769,1.872,1.989,0.938,0.994,1.057,0.831,0.879,0.932,H97,49.3,1.05,2.189,1.55,358
00093+7943,DR3,9.338,0.059,3.402,4.152,5.038,3.51,3.894,4.301,1.773,1.97,2.18,1.737,1.924,2.12,DR3,9.338,0.059,4.149,0.9,16
00094-2759,DR3,14.599,0.041,1.149,4.149,15.512,3.239,3.561,3.957,1.636,1.8,2.002,1.602,1.761,1.955,DR3,14.599,0.041,4.076,1.34,258
00098-3347,DR3,17.481,0.036,0.21,1.72,9.54,1.62,1.724,1.834,0.877,0.931,0.985,0.743,0.793,0.849,H97,17.08,1.86,1.706,0.88,122
00162+7657,DR3,5.448,0.041,1.699,5.09,16.704,4.34,5.039,5.857,2.251,2.651,3.057,2.089,2.388,2.8,DR3,5.448,0.041,4.994,0.98,49
00209+3259,H97,14.0,1.32,0.825,2.573,8.742,2.368,2.598,2.869,1.306,1.432,1.584,1.062,1.166,1.285,H97,14.0,1.32,2.485,1.87,289
00209+1059,DR3,5.211,0.079,1.751,5.236,17.108,4.199,4.756,5.439,2.509,2.889,3.355,1.689,1.867,2.085,DR3,5.211,0.079,5.157,0.78,119
00214+6700,3rd,5.017,0.013,1.456,4.368,14.293,3.631,4.009,4.602,2.017,2.234,2.629,1.614,1.774,1.972,3rd,5.017,0.013,4.289,0.61,165
00283+6344,H97,9.04,3.06,0.273,2.746,24.67,1.87,2.089,2.557,0.949,1.066,1.306,0.921,1.023,1.251,H97,9.04,3.06,2.339,0.25,108
00287+3718,H97,6.23,2.29,0.642,2.961,19.194,2.481,2.93,3.753,1.224,1.447,1.849,1.257,1.484,1.904,H97,6.23,2.29,2.596,0.53,39
00308+4732,3rd,20.056,0.015,1.647,2.008,2.436,1.842,1.95,2.065,0.93,0.984,1.042,0.912,0.965,1.022,3rd,20.056,0.015,2.007,0.77,278
00310-1005,H07,12.5,1.36,0.678,2.138,7.378,1.91,2.038,2.235,0.941,1.005,1.094,0.97,1.034,1.141,H07,12.5,1.36,2.061,0.44,322
00321+6715,DR3,100.401,0.037,0.096,0.782,4.313,0.658,0.743,0.817,0.41,0.454,0.495,0.248,0.289,0.323,DR3,100.401,0.037,0.725,3.79,184
00335-5520,H97,6.34,3.4,0.667,3.959,44.542,2.742,3.436,5.328,1.453,1.838,2.966,1.289,1.598,2.374,H97,6.34,3.4,3.537,0.69,203
00427-3828,DR3,7.966,0.105,0.604,4.931,27.245,3.755,4.168,4.752,1.974,2.187,2.556,1.782,1.981,2.195,DR3,7.966,0.105,4.549,0.7,23
00429+2047,H97,7.34,1.88,1.012,2.069,5.113,1.949,2.17,2.54,0.969,1.074,1.26,0.98,1.097,1.28,H97,7.34,1.88,2.06,0.37,6
00491+5749,DR3,168.72,0.021,1.298,1.583,1.919,1.534,1.629,1.765,0.969,1.023,1.111,0.565,0.606,0.653,DR3,168.72,0.021,1.582,13.33,324
00504+5038,dr2,11.714,0.069,1.867,2.307,2.825,2.155,2.344,2.548,1.106,1.203,1.305,1.049,1.141,1.242,dr2,11.714,0.069,2.306,0.9,255
00521-1314,DR3,18.818,0.028,1.18,1.439,1.744,1.475,1.569,1.67,0.764,0.816,0.866,0.711,0.753,0.805,DR3,18.818,0.028,1.438,0.86,120
00524-6930,DR3,16.576,0.014,1.396,3.134,10.943,2.562,2.789,3.041,1.37,1.494,1.635,1.191,1.296,1.406,DR3,16.576,0.014,3.207,20.43,82
00550+2338,dr2,23.913,0.062,2.456,2.477,2.499,2.623,2.85,3.112,1.366,1.488,1.629,1.257,1.361,1.483,dr2,23.913,0.062,2.477,1.13,330
01028+0214,H97,11.43,1.69,1.08,1.65,2.683,1.675,1.808,1.949,0.881,0.948,1.022,0.795,0.861,0.927,H97,11.43,1.69,1.646,0.56,282
01030+4723,DR3,9.279,0.034,0.445,3.63,20.055,3.106,3.42,3.765,1.769,1.965,2.174,1.337,1.455,1.591,DR3,9.279,0.034,3.359,1.3,175
01032+2006,DR3,62.765,0.026,0.113,0.815,4.514,0.694,0.772,0.864,0.401,0.446,0.488,0.293,0.326,0.376,DR3,62.765,0.026,0.782,2.48,57
01106+5101,DR3,12.002,0.078,1.031,3.092,10.092,2.589,2.81,3.067,1.335,1.452,1.588,1.254,1.358,1.479,DR3,12.002,0.078,3.033,0.82,140
01158-6853,DR3,47.509,0.05,1.663,1.711,1.761,1.515,1.616,1.718,0.785,0.84,0.888,0.729,0.776,0.829,DR3,47.509,0.05,1.711,1.05,337
01151+3416,H07,9.65,1.28,0.732,2.369,8.431,1.959,2.136,2.34,1.055,1.168,1.3,0.904,0.968,1.039,H07,9.65,1.28,2.265,0.92,215
01158-6853,DR3,47.648,0.02,0.997,2.177,7.512,2.022,2.179,2.343,1.216,1.32,1.434,0.806,0.859,0.909,DR3,47.648,0.02,2.23,4.64,316
01191+8052,H07,6.4,0.59,2.554,3.409,4.65,3.157,3.519,3.93,1.77,1.99,2.236,1.387,1.529,1.694,H07,6.4,0.59,3.4,0.85,287
01200-1549,H97,19.67,1.58,1.816,2.549,3.579,2.144,2.347,2.572,1.104,1.208,1.321,1.04,1.139,1.251,H97,19.67,1.58,2.547,2.35,338
01218-2408,H07,11.62,1.45,0.292,2.468,14.496,1.985,2.149,2.378,1.018,1.116,1.235,0.967,1.032,1.144,H07,11.62,1.45,2.246,1.26,177
01388-1758,DR3,371.924,0.415,0.242,0.245,0.249,0.254,0.278,0.306,0.132,0.144,0.159,0.123,0.134,0.147,DR3,371.924,0.415,0.245,2.26,10
01409+4952,3rd,12.271,0.024,0.587,1.754,5.731,1.633,1.733,1.836,0.829,0.875,0.929,0.804,0.858,0.907,3rd,12.271,0.024,1.723,0.45,357
01424-0645,H97,7.74,3.57,0.683,3.654,32.527,2.23,2.695,3.626,1.104,1.334,1.789,1.126,1.362,1.837,H97,7.74,3.57,3.189,0.79,253
01437+0934,DR3,19.254,0.076,1.44,1.756,2.13,1.67,1.773,1.877,0.862,0.913,0.966,0.809,0.86,0.911,DR3,19.254,0.076,1.755,0.75,43
01450+5707,DR3,13.421,0.039,0.556,1.669,5.461,1.679,1.778,1.884,0.861,0.911,0.964,0.818,0.867,0.92,DR3,13.421,0.039,1.639,0.8,111
01477-4358,DR3,6.962,0.118,2.703,3.045,3.43,2.672,2.91,3.181,1.402,1.532,1.679,1.27,1.377,1.502,DR3,6.962,0.118,3.044,0.52,206
01500-0408,DR3,15.988,0.03,1.083,1.405,1.83,1.526,1.631,1.734,0.785,0.84,0.888,0.741,0.791,0.846,DR3,15.988,0.03,1.404,0.81,182
01532+1526,DR3,10.163,0.029,1.898,2.432,3.068,2.196,2.385,2.597,1.126,1.223,1.328,1.07,1.163,1.269,DR3,10.163,0.029,2.431,1.13,260
02104-5049,DR3,92.901,0.044,0.121,0.985,5.427,0.948,1.017,1.087,0.803,0.857,0.906,0.145,0.161,0.181,tgas,88.87,0.92,1.036,2.57,83
02140+4729,dr2,24.001,0.108,2.249,2.411,2.582,2.249,2.444,2.658,1.193,1.296,1.407,1.056,1.148,1.252,dr2,24.001,0.108,2.412,1.37,307
02158-1814,DR3,43.472,0.017,0.936,1.44,2.346,1.41,1.497,1.595,0.735,0.783,0.838,0.675,0.714,0.757,DR3,43.472,0.017,1.436,1.98,164
02198-3527,H07,29.49,1.86,0.733,1.809,5.17,1.517,1.626,1.733,0.77,0.825,0.876,0.747,0.8,0.857,H07,29.49,1.86,1.775,2.33,242
02211+4246,H97,16.36,1.49,1.407,1.883,2.575,1.707,1.817,1.936,0.861,0.918,0.978,0.846,0.899,0.958,H97,16.36,1.49,1.876,0.71,206
02232-2952,H07,25.63,0.88,1.109,2.034,3.939,1.888,1.997,2.141,0.968,1.023,1.113,0.92,0.974,1.029,H07,25.63,0.88,2.015,1.98,212
02291+6724,H07,24.55,0.81,0.424,3.493,19.35,2.815,3.096,3.406,1.735,1.924,2.125,1.08,1.172,1.281,H07,24.55,0.81,3.222,2.8,230
02371-1112,H07,15.12,1.13,0.419,2.092,14.103,1.863,2.014,2.174,1.025,1.123,1.228,0.838,0.89,0.946,dr2,15.85,0.973,2.1,0.66,38
02402+0436,DR3,14.474,0.071,1.229,1.285,1.342,1.345,1.424,1.509,0.673,0.713,0.755,0.672,0.711,0.753,DR3,14.474,0.071,1.285,0.58,322
02475+1922,DR3,30.208,0.019,0.535,1.6,5.241,1.814,1.922,2.047,0.951,1.008,1.08,0.863,0.914,0.967,DR3,30.208,0.019,1.577,3.64,307
02572+0153,DR3,20.885,0.09,1.542,1.88,2.281,1.86,1.969,2.096,0.95,1.006,1.076,0.91,0.963,1.02,DR3,20.885,0.09,1.879,0.6,164
03101+2145,DR3,8.077,0.062,1.02,3.058,9.983,2.722,2.965,3.246,1.368,1.491,1.632,1.354,1.475,1.614,DR3,8.077,0.062,3.003,0.83,102
03121-2859,DR3,71.138,0.073,2.221,2.404,2.606,2.041,2.2,2.37,1.259,1.363,1.485,0.783,0.837,0.885,DR3,71.138,0.073,2.404,5.33,300
03122+3713,H97,23.6,2.03,0.567,1.76,5.959,1.847,1.967,2.109,0.943,1.004,1.085,0.905,0.963,1.023,H97,23.6,2.03,1.713,2.9,125
03128-0112,DR3,43.703,0.132,0.246,2.001,10.998,1.789,1.933,2.098,1.239,1.344,1.464,0.55,0.589,0.634,DR3,43.703,0.132,1.844,2.23,197
03130+4417,H97,10.32,2.66,1.109,2.656,7.451,2.185,2.506,2.932,1.116,1.279,1.497,1.07,1.227,1.436,H97,10.32,2.66,2.529,0.59,343
03140+0044,DR3,14.856,0.078,1.203,2.275,4.958,2.119,2.304,2.513,1.067,1.16,1.266,1.052,1.145,1.247,DR3,14.856,0.078,2.259,1.25,131
03162+5810,H07,69.51,3.37,0.22,0.968,4.36,0.875,0.963,1.034,0.447,0.491,0.524,0.428,0.472,0.509,H07,69.51,3.37,0.957,5.04,2
03196+6714,H07,15.93,1.25,0.239,1.981,11.188,1.884,2.004,2.16,0.949,1.01,1.095,0.934,0.994,1.065,H07,15.93,1.25,1.811,1.08,80
03236-4005,DR3,56.542,0.024,1.088,1.476,2.068,1.319,1.401,1.484,0.841,0.889,0.941,0.478,0.512,0.543,DR3,56.542,0.024,1.474,2.59,122
03261+1229,H97,13.68,1.55,1.626,2.287,3.327,2.016,2.192,2.419,0.998,1.079,1.192,1.018,1.113,1.227,H97,13.68,1.55,2.283,0.26,37
03310+2937,H97,7.82,1.81,0.748,2.764,11.799,1.99,2.22,2.568,1.031,1.17,1.352,0.959,1.05,1.215,H97,7.82,1.81,2.54,0.51,135
03344+2428,DR3,5.499,0.072,4.4,5.387,6.557,5.306,6.12,6.905,2.661,3.069,3.46,2.645,3.051,3.452,DR3,5.499,0.072,5.384,0.77,352
03350+6002,DR3,19.829,0.018,2.321,2.472,2.637,2.211,2.377,2.585,1.22,1.325,1.44,0.991,1.052,1.145,DR3,19.829,0.018,2.472,1.62,268
03356+3141,H97,11.92,1.33,0.878,2.787,9.652,2.579,2.836,3.149,1.312,1.445,1.606,1.266,1.391,1.543,H07,11.63,0.97,2.895,1.04,221
03362+4220,H07,15.3,1.65,1.428,1.998,2.88,1.817,1.942,2.1,0.953,1.019,1.114,0.864,0.923,0.986,H07,15.3,1.65,1.987,0.74,346
03401+3407,tgas,22.9,0.73,1.478,2.347,3.754,2.012,2.158,2.346,1.014,1.094,1.188,0.998,1.064,1.158,tgas,22.9,0.73,2.336,1.91,59
03520+0632,DR3,4.476,0.074,3.943,11.838,38.72,7.86,9.046,10.503,4.189,4.776,5.633,3.671,4.283,4.87,H97,4.63,1.49,10.511,0.82,208
04041+3931,H07,30.9,1.1,1.688,2.113,2.636,1.686,1.793,1.918,0.945,1.002,1.071,0.74,0.791,0.847,H07,30.9,1.1,2.11,1.58,54
04070+3934,oth,6.079,1.216,0.239,2.116,13.705,2.117,2.391,2.718,1.05,1.184,1.347,1.068,1.207,1.371,x,6.079,1.216,1.887,0.35,129
04076+3804,H97,48.59,1.17,0.193,1.574,8.728,1.462,1.556,1.648,0.841,0.889,0.941,0.621,0.667,0.706,DR3,47.325,0.023,1.571,2.82,354
04130-2832,DR3,15.621,0.03,0.452,2.171,10.512,2.055,2.229,2.421,1.035,1.127,1.224,1.02,1.102,1.197,DR3,15.621,0.03,2.159,1.37,55
04227+1503,H07,22.92,1.11,1.51,2.336,3.61,1.917,2.067,2.227,1.044,1.139,1.242,0.873,0.929,0.985,H07,22.92,1.11,2.321,1.23,329
04242-5704,DR3,36.332,0.012,1.084,1.863,3.159,1.875,1.985,2.123,0.962,1.019,1.101,0.913,0.965,1.022,DR3,36.332,0.012,1.853,5.33,248
04268+1240,DR3,24.192,0.072,0.787,1.309,2.058,1.215,1.309,1.39,0.615,0.662,0.701,0.6,0.647,0.689,DR3,24.192,0.072,1.307,0.52,352
04275-2427,DR3,14.017,0.14,0.69,2.063,6.759,1.929,2.063,2.213,1.018,1.1,1.193,0.911,0.963,1.02,DR3,14.017,0.14,2.03,0.7,330
04301+1538,DR3,21.383,0.042,2.213,2.574,2.972,2.44,2.637,2.873,1.489,1.629,1.792,0.952,1.008,1.08,DR3,21.383,0.042,2.573,1.5,15
04422+3731,DR3,16.922,0.04,1.224,2.251,4.183,1.976,2.096,2.28,0.992,1.053,1.145,0.985,1.043,1.135,H07,17.26,1.76,2.105,0.72,331
04496-5353,DR3,33.929,0.012,1.653,1.905,2.184,1.584,1.683,1.787,0.821,0.869,0.923,0.762,0.814,0.864,DR3,33.929,0.012,1.905,3.24,133
05102-7236,oth,49.51,2.79,0.299,0.907,3.004,0.811,0.903,0.988,0.415,0.461,0.502,0.395,0.442,0.486,x,49.51,2.79,0.887,0.38,234
05167+4600,DR3,74.978,0.018,0.214,0.745,2.849,0.76,0.832,0.898,0.502,0.533,0.566,0.258,0.299,0.331,DR3,74.978,0.018,0.736,3.46,174
05234-3640,DR3,18.293,0.028,0.202,1.652,9.092,1.714,1.812,1.922,0.889,0.941,0.996,0.825,0.872,0.926,DR3,18.293,0.028,1.523,0.81,215
05247+6323,3rd,20.605,0.028,1.272,2.12,4.006,1.927,2.048,2.195,1.003,1.071,1.163,0.923,0.977,1.032,3rd,20.605,0.028,2.117,1.11,114
05270-6837,H97,13.16,0.85,1.15,3.511,11.729,2.93,3.224,3.568,1.519,1.673,1.858,1.411,1.551,1.71,H97,13.16,0.85,3.431,1.44,159
05322+7049,H07,13.6,1.47,1.218,1.906,2.997,1.812,1.933,2.093,0.958,1.023,1.122,0.854,0.91,0.972,H07,13.6,1.47,1.903,0.99,136
05330-2415,DR3,15.0,0.277,1.316,1.616,1.975,1.644,1.751,1.854,0.876,0.93,0.984,0.768,0.821,0.869,DR3,15.0,0.277,1.615,0.43,307
05336-5104,H07,23.62,0.94,0.526,1.552,6.119,1.496,1.597,1.699,0.772,0.827,0.875,0.724,0.77,0.825,H07,23.62,0.94,1.564,1.77,49
05460+2119,H07,6.34,1.23,0.426,3.788,24.361,2.878,3.267,3.801,1.506,1.715,2.01,1.372,1.553,1.791,H07,6.34,1.23,3.38,0.66,54
05479+0758,H07,8.16,1.81,1.533,3.05,6.866,2.557,2.912,3.397,1.395,1.593,1.875,1.161,1.319,1.522,H07,8.16,1.81,2.996,0.72,352
05580-5212,DR3,15.05,0.018,0.617,1.85,6.066,1.729,1.833,1.939,0.867,0.92,0.974,0.861,0.912,0.965,DR3,15.05,0.018,1.814,0.98,349
06003-3102,H97,66.82,24.41,0.155,1.605,15.543,1.134,1.309,1.529,0.555,0.64,0.748,0.58,0.669,0.781,H97,66.82,24.41,1.354,2.9,2
06047-4505,DR3,36.96,0.052,0.193,2.784,18.159,1.815,1.952,2.107,1.103,1.198,1.301,0.712,0.754,0.806,DR3,36.96,0.052,2.034,5.99,215
06082+3759,H07,5.42,0.9,1.593,3.756,9.394,3.314,3.912,4.656,2.113,2.575,3.15,1.201,1.337,1.507,H07,5.42,0.9,3.601,1.83,332
06262+1845,DR3,68.267,0.086,0.182,1.285,11.03,1.225,1.319,1.411,0.814,0.864,0.916,0.411,0.455,0.495,DR3,68.267,0.086,1.804,2.05,323
06274-2544,DR3,22.421,0.185,1.888,1.951,2.016,1.635,1.734,1.838,0.829,0.875,0.929,0.807,0.859,0.909,DR3,22.421,0.185,1.951,0.61,17
06336-1207,DR3,16.785,0.07,1.663,1.985,2.39,1.818,1.926,2.055,0.955,1.012,1.088,0.863,0.914,0.967,DR3,16.785,0.07,1.984,0.88,309
06345-1114,H97,10.46,2.0,1.28,2.594,5.824,2.397,2.69,3.066,1.209,1.355,1.546,1.188,1.335,1.521,H97,10.46,2.0,2.479,0.64,5
06487+0737,DR3,17.371,0.02,1.422,1.847,2.413,1.832,1.944,2.089,0.997,1.061,1.153,0.836,0.883,0.936,DR3,17.371,0.02,1.845,1.35,67
06545-2734,H97,13.34,2.71,0.573,2.031,8.171,1.878,2.036,2.303,0.951,1.029,1.171,0.927,1.007,1.132,DR3,13.401,0.045,1.862,0.72,294
06555+3010,H07,25.98,1.86,0.239,1.97,11.131,1.628,1.739,1.847,0.834,0.885,0.942,0.794,0.853,0.905,H07,25.98,1.86,1.806,0.91,119
06579-4417,DR3,124.441,0.031,0.066,0.537,2.982,0.545,0.624,0.694,0.274,0.313,0.349,0.27,0.311,0.345,DR3,124.441,0.031,0.495,2.39,67
07112+4330,oth,76.4,1.1,0.183,0.203,0.227,0.203,0.215,0.232,0.078,0.08,0.083,0.124,0.136,0.149,x,76.4,1.1,0.203,0.63,245
07527+0323,H07,4.76,1.5,1.844,4.489,14.498,3.556,4.28,5.977,1.796,2.168,3.034,1.761,2.112,2.943,H07,4.76,1.5,4.4,0.95,9
08122+1739,DR3,40.888,0.146,2.528,2.569,2.61,2.175,2.365,2.572,1.128,1.225,1.331,1.047,1.14,1.24,DR3,40.888,0.146,2.569,1.14,18
08132-1354,H07,48.45,5.34,0.955,1.308,1.857,1.119,1.21,1.312,0.585,0.637,0.687,0.534,0.573,0.624,H07,48.45,5.34,1.308,1.1,118
08153-6255,H97,13.47,0.56,1.003,4.267,18.866,3.288,3.634,4.186,2.088,2.329,2.766,1.2,1.305,1.419,H97,13.47,0.56,4.21,4.07,70
08231+2001,H97,6.55,1.78,0.677,2.668,12.757,2.104,2.426,2.853,1.059,1.22,1.436,1.045,1.206,1.417,H97,6.55,1.78,2.413,0.45,350
08243+4457,DR3,27.113,0.015,0.24,1.97,10.878,1.694,1.801,1.915,0.937,0.992,1.054,0.757,0.809,0.861,DR3,27.113,0.015,1.815,29.12,242
08394-3636,H07,26.42,0.67,1.83,2.261,2.782,2.071,2.23,2.396,1.197,1.301,1.413,0.874,0.928,0.983,H07,26.42,0.67,2.26,0.87,244
08456+8442,H97,23.1,2.05,0.186,1.541,8.817,1.45,1.552,1.673,0.719,0.768,0.827,0.731,0.784,0.845,DR3,21.566,0.64,1.745,0.51,149
08462-1422,H97,10.88,1.37,1.422,2.139,3.339,2.042,2.243,2.485,1.019,1.117,1.237,1.023,1.126,1.249,H97,10.88,1.37,2.131,0.42,330
08507+0752,DR3,56.124,0.031,0.645,1.231,2.38,1.124,1.206,1.298,0.573,0.617,0.663,0.551,0.59,0.635,DR3,56.124,0.031,1.221,1.18,182
08531+5457,H07,19.19,0.73,1.819,2.072,2.366,1.951,2.068,2.249,0.985,1.045,1.139,0.966,1.023,1.11,H07,19.19,0.73,2.071,0.68,92
08554+7048,DR3,86.331,0.026,0.891,1.217,1.668,1.141,1.225,1.317,0.581,0.625,0.67,0.56,0.6,0.647,DR3,86.331,0.026,1.215,3.14,356
08571+1139,dr2,58.421,0.908,0.773,0.836,0.903,0.823,0.906,0.982,0.493,0.526,0.557,0.329,0.38,0.425,dr2,58.421,0.908,0.836,0.6,243
08589+0829,oth,147.66,1.98,0.587,0.632,0.68,0.522,0.598,0.674,0.278,0.316,0.356,0.244,0.282,0.319,x,147.66,1.98,0.632,0.45,82
09104+6708,DR3,48.644,0.024,1.453,1.939,2.59,1.932,2.078,2.245,1.242,1.347,1.467,0.69,0.731,0.778,DR3,48.644,0.024,1.936,4.47,348
09144+5241,DR3,157.885,0.014,0.872,1.102,1.436,1.11,1.189,1.281,0.559,0.598,0.645,0.552,0.591,0.636,DR3,157.885,0.014,1.102,17.08,98
09210+3811,H97,20.91,1.49,2.132,2.842,3.812,2.35,2.569,2.807,1.211,1.322,1.446,1.139,1.247,1.361,H97,20.91,1.49,2.836,1.13,310
09239+2754,H97,6.49,1.78,1.294,2.817,7.585,2.481,2.867,3.445,1.381,1.601,1.951,1.1,1.266,1.494,H07,6.4,1.01,2.902,1.25,205
09307-4028,dr2,54.411,0.265,2.751,2.837,2.925,2.538,2.768,3.021,1.421,1.554,1.703,1.117,1.214,1.318,dr2,54.411,0.265,2.837,0.81,115
09313-1329,H97,94.95,4.31,0.819,0.936,1.077,0.804,0.895,0.98,0.391,0.437,0.481,0.413,0.458,0.499,H97,94.95,4.31,0.937,0.5,266
09376+1528,H97,7.26,1.64,0.341,3.076,20.956,2.176,2.458,2.839,1.165,1.325,1.533,1.011,1.133,1.305,H97,7.26,1.64,2.726,0.43,192
09457-3902,DR3,50.593,0.315,0.28,0.837,2.738,0.67,0.756,0.852,0.357,0.406,0.45,0.313,0.35,0.401,DR3,50.593,0.315,0.821,0.5,50
09488-5237,DR3,38.131,0.019,0.491,1.471,4.813,1.318,1.398,1.483,0.82,0.868,0.922,0.497,0.53,0.561,DR3,38.131,0.019,1.449,1.15,330
09524+2659,H07,17.38,1.77,0.633,1.986,6.839,1.737,1.85,1.975,0.89,0.949,1.014,0.846,0.901,0.961,H07,17.38,1.77,1.921,2.48,290
09551-2632,dr2,24.629,0.79,0.258,2.124,11.752,1.555,1.654,1.764,0.818,0.867,0.921,0.737,0.787,0.842,dr2,24.629,0.79,1.961,0.86,122
09591+5316,DR3,9.519,0.238,1.698,2.294,3.067,2.139,2.303,2.502,1.158,1.265,1.371,0.981,1.038,1.131,DR3,9.519,0.238,2.291,0.5,165
10043-2823,H07,12.24,1.0,1.826,2.486,3.42,2.36,2.588,2.832,1.211,1.324,1.451,1.149,1.263,1.38,H07,12.24,1.0,2.478,0.77,302
10110+7508,DR3,47.501,0.013,0.788,1.171,1.709,1.109,1.188,1.28,0.556,0.595,0.641,0.554,0.593,0.639,DR3,47.501,0.013,1.168,1.95,122
10140+2227,3rd,16.576,0.021,0.17,1.394,7.736,1.429,1.516,1.619,0.709,0.751,0.802,0.721,0.765,0.817,H97,15.47,3.59,1.582,0.52,327
10192+2034,DR3,20.235,0.21,1.529,1.869,2.271,1.571,1.667,1.772,0.839,0.887,0.939,0.732,0.779,0.833,DR3,20.235,0.21,1.868,0.71,313
10217-0946,H07,16.68,1.18,0.665,2.033,6.811,1.895,2.018,2.178,0.99,1.056,1.155,0.906,0.962,1.023,H07,16.68,1.18,1.981,1.54,130
10227+1521,DR3,34.519,0.017,1.253,1.527,1.853,1.54,1.637,1.733,0.914,0.967,1.023,0.626,0.671,0.71,DR3,34.519,0.017,1.527,2.29,231
10250+2437,DR3,14.121,0.1,0.681,2.04,6.685,1.873,1.984,2.108,0.939,0.994,1.057,0.935,0.99,1.051,DR3,14.121,0.1,2.005,0.82,155
10361-2641,H97,22.72,1.11,1.886,2.187,2.553,2.173,2.339,2.549,1.193,1.301,1.415,0.979,1.038,1.133,H97,22.72,1.11,2.187,1.33,305
10387+0544,H97,14.36,1.64,1.756,2.428,3.494,2.233,2.465,2.723,1.172,1.296,1.429,1.061,1.169,1.294,H97,14.36,1.64,2.427,1.83,334
10480+4107,DR3,8.473,0.216,3.087,3.817,4.697,2.936,3.217,3.538,1.509,1.656,1.824,1.427,1.562,1.714,DR3,8.473,0.216,3.814,0.65,253
10557+0044,dr2,21.967,0.216,1.537,2.062,2.7,2.238,2.411,2.608,1.385,1.51,1.655,0.853,0.901,0.953,dr2,21.967,0.216,2.063,1.12,51
10585+1711,DR3,10.139,0.09,1.744,2.126,2.59,1.815,1.92,2.034,0.904,0.956,1.013,0.911,0.964,1.021,DR3,10.139,0.09,2.124,0.53,170
11017+3641,dr2,15.444,0.389,0.212,1.724,9.546,1.25,1.341,1.421,0.641,0.684,0.724,0.61,0.657,0.697,dr2,15.444,0.389,1.593,0.66,47
11050+3825,H07,7.35,1.05,0.504,2.563,12.659,2.582,2.88,3.232,1.408,1.572,1.775,1.175,1.307,1.456,H07,7.35,1.05,2.455,1.08,237
11101-3822,DR3,18.439,0.067,0.556,1.666,5.462,1.562,1.655,1.757,0.868,0.921,0.974,0.694,0.735,0.783,DR3,18.439,0.067,1.638,0.77,7
11105-3732,DR3,26.974,0.033,0.137,1.116,6.166,1.022,1.085,1.156,0.527,0.558,0.598,0.495,0.527,0.558,DR3,26.974,0.033,1.032,1.55,207
11136+5525,H07,10.89,1.15,1.982,2.846,4.184,2.407,2.648,2.922,1.267,1.39,1.539,1.14,1.259,1.383,H07,10.89,1.15,2.837,0.56,209
11137+2008,H07,18.35,0.96,0.757,2.285,7.565,2.159,2.349,2.571,1.078,1.173,1.284,1.08,1.175,1.286,H07,18.35,0.96,2.241,0.7,317
11165-4553,H07,19.23,0.67,0.355,2.907,16.162,2.346,2.552,2.776,1.212,1.318,1.434,1.134,1.234,1.342,H07,19.23,0.67,2.674,2.61,276
11319-3436,tgas,20.69,0.65,0.865,0.983,1.119,0.787,0.838,0.893,0.663,0.703,0.744,0.124,0.135,0.149,tgas,20.69,0.65,0.981,1.85,354
11323+6105,DR3,35.376,0.087,2.08,2.119,2.159,2.119,2.277,2.443,1.194,1.298,1.408,0.925,0.979,1.035,DR3,35.376,0.087,2.119,0.92,35
11363+2747,DR3,14.243,0.542,1.102,3.321,10.917,2.979,3.267,3.604,1.522,1.67,1.846,1.457,1.596,1.758,DR3,14.243,0.542,3.255,0.72,150
11366+5608,H97,22.92,1.36,1.329,2.063,3.267,1.905,2.022,2.179,0.982,1.044,1.14,0.922,0.979,1.038,H97,22.92,1.36,2.044,6.19,166
11368-1221,DR3,19.754,0.017,0.597,1.442,3.662,1.572,1.681,1.775,0.798,0.853,0.901,0.774,0.827,0.874,DR3,19.754,0.017,1.419,1.2,163
11563+3527,H07,5.69,0.67,2.316,3.752,6.237,3.742,4.399,5.131,2.314,2.813,3.355,1.428,1.586,1.777,H07,5.69,0.67,3.7,1.81,146
12151-0715,tgas,28.27,0.44,0.725,1.849,5.302,1.756,1.859,1.968,0.893,0.945,1.001,0.862,0.914,0.967,tgas,28.27,0.44,1.819,6.85,266
12155-3106,DR3,43.028,0.243,1.001,1.027,1.053,1.105,1.181,1.262,0.59,0.636,0.679,0.514,0.546,0.583,DR3,43.028,0.243,1.027,0.61,162
12160+0538,DR3,28.679,0.015,0.935,1.401,2.131,1.317,1.4,1.484,0.679,0.719,0.763,0.638,0.681,0.72,DR3,28.679,0.015,1.396,1.68,46
12236+6711,DR3,75.616,0.44,0.721,0.738,0.756,0.646,0.736,0.831,0.332,0.383,0.428,0.315,0.353,0.403,DR3,75.616,0.44,0.738,0.53,37
12272+2701,DR3,36.507,0.02,0.452,1.354,4.431,1.433,1.521,1.625,0.735,0.783,0.838,0.698,0.738,0.787,DR3,36.507,0.02,1.333,2.76,4
12291+3123,DR3,5.723,0.155,0.41,3.342,18.471,3.178,3.494,3.881,1.649,1.818,2.028,1.529,1.677,1.852,DR3,5.723,0.155,3.088,0.71,70
12301-1324,DR3,41.164,0.021,1.401,1.709,2.072,1.648,1.744,1.877,0.982,1.039,1.131,0.666,0.705,0.746,DR3,41.164,0.021,1.708,2.12,347
12372+2112,DR3,4.418,0.19,1.387,4.197,13.852,3.507,3.872,4.434,1.939,2.147,2.519,1.568,1.725,1.914,DR3,4.418,0.19,4.109,0.64,68
12417-0127,DR3,83.194,0.507,2.871,2.927,2.984,2.543,2.757,3.006,1.277,1.385,1.51,1.266,1.372,1.496,DR3,83.194,0.507,2.927,2.4,4
12567-4741,dr2,10.982,0.685,2.318,3.344,4.952,2.777,3.045,3.353,1.409,1.548,1.705,1.367,1.497,1.648,dr2,10.982,0.685,3.312,0.85,236
13044-1316,H07,7.56,2.14,0.838,1.905,5.4,1.843,2.032,2.385,0.915,1.009,1.178,0.928,1.023,1.208,H07,7.56,2.14,1.862,0.49,222
13198+4747,dr2,109.984,0.829,1.082,1.109,1.137,0.991,1.065,1.141,0.537,0.57,0.613,0.454,0.495,0.527,dr2,109.984,0.829,1.109,0.67,86
13284+1543,DR3,16.747,0.02,0.664,2.254,8.823,2.036,2.186,2.381,1.052,1.144,1.247,0.984,1.042,1.134,DR3,16.747,0.02,2.237,2.0,357
13320+3108,H97,32.05,2.96,1.031,1.348,1.806,1.115,1.206,1.31,0.564,0.611,0.663,0.551,0.595,0.647,H97,32.05,2.96,1.348,0.38,42
13328+1649,DR3,60.054,0.028,0.106,0.861,4.764,0.732,0.829,0.916,0.39,0.435,0.478,0.342,0.394,0.438,DR3,60.054,0.028,0.795,2.71,54
13341+6746,H97,15.4,1.75,0.808,1.767,3.971,1.759,1.88,2.011,0.896,0.957,1.023,0.863,0.923,0.988,H07,14.41,1.11,2.097,4.16,344
13343-0019,DR3,37.125,0.026,0.698,1.796,4.697,1.597,1.695,1.802,0.853,0.901,0.953,0.744,0.794,0.85,DR3,37.125,0.026,1.768,1.72,140
13375+3618,H97,17.01,0.7,2.913,3.448,4.089,3.262,3.594,4.117,1.995,2.218,2.613,1.267,1.376,1.504,H97,17.01,0.7,3.445,1.74,96
13381+3910,3rd,22.068,0.012,0.155,2.328,15.064,1.687,1.788,1.924,0.966,1.023,1.106,0.721,0.765,0.818,3rd,22.068,0.012,1.67,1.58,45
13491+2659,DR3,74.105,0.028,1.457,1.47,1.483,1.38,1.461,1.554,0.708,0.75,0.801,0.672,0.711,0.753,DR3,74.105,0.028,1.47,2.92,186
13535-3540,H97,19.97,1.46,2.467,3.151,4.075,2.707,2.968,3.273,1.356,1.487,1.64,1.351,1.481,1.634,H97,19.97,1.46,3.143,1.01,315
13577+5200,DR3,18.882,0.013,1.801,2.226,2.79,1.743,1.847,1.955,0.88,0.933,0.988,0.862,0.914,0.967,DR3,18.882,0.013,2.225,1.44,300
14019+1530,H97,37.28,5.79,0.335,1.149,4.384,1.015,1.095,1.199,0.507,0.547,0.598,0.509,0.549,0.601,H97,37.28,5.79,1.09,1.62,342
14077-4952,H07,21.49,0.74,0.723,2.405,8.875,2.199,2.392,2.608,1.128,1.227,1.335,1.071,1.165,1.273,dr2,21.43,0.389,2.388,1.08,328
14142-0831,H97,8.06,2.18,0.331,3.115,23.288,2.182,2.511,2.958,1.12,1.288,1.519,1.062,1.223,1.439,H97,8.06,2.18,2.712,0.5,33
14153+0308,DR3,24.233,0.078,1.843,1.971,2.105,1.915,2.028,2.181,0.964,1.021,1.103,0.951,1.007,1.078,DR3,24.233,0.078,1.971,0.9,166
14203+4830,DR3,13.945,0.014,1.765,2.218,2.848,2.187,2.376,2.586,1.115,1.211,1.315,1.072,1.165,1.271,DR3,13.945,0.014,2.217,1.66,103
14369+4813,DR3,10.86,0.394,1.664,2.085,2.604,2.296,2.503,2.721,1.131,1.23,1.338,1.165,1.273,1.382,DR3,10.86,0.394,2.082,0.54,236
14380+5135,DR3,11.401,0.116,0.996,2.988,9.791,2.63,2.857,3.123,1.329,1.444,1.579,1.301,1.412,1.544,DR3,11.401,0.116,2.937,0.67,60
14463+0939,DR3,22.842,0.021,1.596,1.798,2.025,1.877,1.985,2.133,0.98,1.036,1.128,0.897,0.949,1.005,DR3,22.842,0.021,1.798,1.74,83
14464-0723,DR3,12.888,0.03,0.595,2.363,10.809,2.105,2.289,2.493,1.069,1.162,1.268,1.036,1.127,1.225,DR3,12.888,0.03,2.379,1.28,114
14489+0557,DR3,16.18,0.268,2.185,2.531,2.942,2.297,2.505,2.715,1.154,1.259,1.364,1.143,1.245,1.351,DR3,16.18,0.268,2.528,1.02,278
14493-1409,H97,13.86,1.3,1.316,4.104,13.997,3.252,3.637,4.072,1.812,2.046,2.302,1.44,1.591,1.77,H97,13.86,1.3,3.982,1.93,7
14511-3706,H07,12.38,2.58,0.198,1.768,11.6,1.736,1.885,2.079,0.898,0.975,1.082,0.838,0.91,0.997,H97,11.75,3.09,1.839,1.23,36
14514+1906,DR3,148.163,0.05,1.574,1.579,1.584,1.488,1.581,1.673,0.856,0.905,0.958,0.631,0.675,0.715,DR3,148.163,0.05,1.579,5.66,302
14531-4638,DR3,19.077,0.113,1.903,2.073,2.252,1.896,2.008,2.145,0.95,1.006,1.076,0.946,1.002,1.069,DR3,19.077,0.113,2.073,0.74,316
14534+1542,3rd,21.144,0.139,0.92,2.75,9.001,2.229,2.425,2.633,1.192,1.296,1.406,1.037,1.129,1.227,3rd,21.144,0.139,2.704,1.01,158
14542-6625,H07,25.98,1.24,1.083,2.116,4.451,1.878,1.986,2.14,0.97,1.023,1.118,0.909,0.963,1.022,H07,25.98,1.24,2.087,1.19,270
14544-3409,H97,10.63,1.25,2.125,2.972,4.325,2.249,2.479,2.754,1.508,1.68,1.892,0.741,0.8,0.862,H97,10.63,1.25,2.97,3.16,222
15035-4035,H07,6.09,1.54,0.699,2.684,12.114,2.312,2.647,3.105,1.135,1.299,1.521,1.177,1.348,1.584,H07,6.09,1.54,2.44,0.38,43
15055-0701,H07,21.01,1.13,0.893,2.036,4.732,1.838,1.954,2.097,0.962,1.022,1.108,0.876,0.932,0.989,H07,21.01,1.13,1.998,2.3,274
15155+3319,H97,27.838,0.507,0.507,4.121,22.842,3.331,3.786,4.287,2.419,2.821,3.265,0.912,0.965,1.022,H97,27.838,0.507,3.809,104.91,78
15183+2650,DR3,27.614,0.016,2.109,2.21,2.316,1.956,2.066,2.249,0.981,1.037,1.129,0.975,1.028,1.12,DR3,27.614,0.016,2.21,1.62,266
15197-2416,H07,14.36,1.69,0.256,2.157,12.579,2.173,2.395,2.65,1.112,1.225,1.352,1.061,1.17,1.298,H07,14.36,1.69,1.97,0.59,241
15226-4755,H07,28.2,1.39,1.426,1.654,1.934,1.67,1.773,1.881,0.856,0.907,0.962,0.814,0.865,0.92,H07,28.2,1.39,1.655,0.63,354
15245+3723,H07,27.73,0.65,1.975,2.173,2.393,1.965,2.104,2.267,1.021,1.104,1.201,0.943,0.999,1.066,H07,27.73,0.65,2.173,2.27,4
15246+5413,H97,5.48,1.24,1.414,5.218,21.972,4.113,5.032,6.432,2.073,2.542,3.255,2.039,2.49,3.177,H97,5.48,1.24,4.789,0.67,269
15252-4659,DR3,10.904,0.215,0.239,1.949,10.768,1.688,1.784,1.888,0.842,0.89,0.942,0.846,0.894,0.946,DR3,10.904,0.215,1.796,0.66,329
15262-2819,H07,8.7,1.54,0.288,2.511,15.691,1.737,1.88,2.038,0.872,0.945,1.023,0.864,0.934,1.015,H07,8.7,1.54,2.254,0.41,163
15264+4400,DR3,11.064,0.013,0.31,2.434,18.341,2.341,2.537,2.765,1.323,1.438,1.572,1.018,1.099,1.192,H07,11.37,0.73,2.514,2.15,274
15360+3948,3rd,44.562,0.015,1.737,1.766,1.795,1.665,1.761,1.865,0.845,0.893,0.944,0.82,0.868,0.921,3rd,44.562,0.015,1.766,1.2,185
15382+3615,H97,11.42,2.44,0.828,2.038,6.105,2.071,2.305,2.608,1.232,1.393,1.608,0.839,0.912,1.0,H97,11.42,2.44,1.881,1.37,79
15413+5959,DR3,15.509,0.016,1.578,1.933,2.383,1.792,1.899,2.006,0.92,0.973,1.026,0.872,0.926,0.98,DR3,15.509,0.016,1.931,1.07,29
15440+0231,DR3,67.601,0.036,0.197,1.614,8.899,1.234,1.331,1.432,0.916,0.97,1.023,0.318,0.361,0.409,DR3,67.601,0.036,1.492,4.7,16
15457+5040,DR3,8.719,0.141,0.729,2.183,7.141,1.831,1.938,2.051,0.928,0.982,1.039,0.903,0.955,1.012,DR3,8.719,0.141,2.144,0.51,177
15465+1957,H97,21.28,4.98,0.153,1.397,9.673,1.279,1.408,1.564,0.648,0.711,0.791,0.631,0.697,0.773,H07,20.4,2.66,1.396,0.48,76
16044-1122,3rd,35.853,0.025,2.774,2.881,2.993,2.742,2.988,3.271,1.374,1.497,1.64,1.368,1.49,1.632,3rd,35.853,0.025,2.881,1.1,6
16057-3252,H07,24.7,1.83,1.432,2.027,2.849,1.658,1.774,1.886,0.875,0.933,0.992,0.782,0.841,0.894,H07,24.7,1.83,2.026,0.78,6
16115+1507,H97,7.66,3.39,0.559,2.914,24.33,1.972,2.318,3.029,0.986,1.159,1.515,0.985,1.158,1.514,H97,7.66,3.39,2.539,0.8,116
16160+0721,DR3,37.069,0.012,1.052,1.41,1.937,1.349,1.429,1.516,0.69,0.73,0.777,0.66,0.699,0.739,DR3,37.069,0.012,1.409,3.53,17
16169+0113,H97,8.61,3.85,0.164,1.858,23.067,1.79,2.034,2.631,0.902,1.023,1.33,0.888,1.011,1.301,H97,8.61,3.85,1.559,0.4,78
16216+3631,DR3,16.494,0.53,1.205,1.572,2.047,1.555,1.664,1.76,0.776,0.831,0.879,0.778,0.833,0.881,DR3,16.494,0.53,1.569,0.35,249
16224-3220,DR3,18.594,0.052,0.905,1.466,2.382,1.475,1.569,1.666,0.772,0.825,0.872,0.703,0.744,0.795,DR3,18.594,0.052,1.459,0.55,16
16289+1825,H07,50.87,0.8,1.441,1.601,1.784,1.532,1.638,1.737,0.777,0.831,0.878,0.755,0.807,0.859,DR3,51.8,0.013,1.516,2.4,119
16309+0159,dr2,20.334,0.41,4.841,5.172,5.532,3.86,4.404,5.009,2.183,2.553,2.942,1.677,1.852,2.067,dr2,20.334,0.41,5.172,1.39,42
16318-0701,H07,6.12,0.97,1.213,4.035,14.913,3.47,3.97,4.671,1.805,2.079,2.494,1.664,1.892,2.178,H07,6.12,0.97,3.831,0.56,182
16425-3705,H07,10.55,1.04,1.293,4.05,13.854,2.983,3.309,3.684,1.672,1.869,2.089,1.312,1.44,1.595,H07,10.55,1.04,3.918,0.84,247
16439+4329,H97,36.59,2.13,1.105,1.313,1.575,1.421,1.51,1.619,0.715,0.761,0.816,0.706,0.749,0.803,H97,36.59,2.13,1.313,0.55,337
16518+2840,H97,17.62,0.95,2.254,2.727,3.317,2.238,2.41,2.628,1.277,1.39,1.522,0.961,1.02,1.106,H97,17.62,0.95,2.724,1.44,105
16564+6502,tgas,15.39,0.31,1.548,3.196,7.084,2.561,2.779,3.034,1.297,1.408,1.539,1.264,1.371,1.494,tgas,15.39,0.31,3.158,0.99,66
16579+4722,H07,54.63,0.61,0.929,1.154,1.436,1.206,1.295,1.383,0.744,0.795,0.851,0.462,0.501,0.532,H07,54.63,0.61,1.152,5.09,63
16579+4722,H97,56.766,0.612,1.115,1.8,2.938,1.461,1.555,1.663,0.735,0.784,0.839,0.725,0.771,0.824,H97,56.766,0.612,1.791,112.38,262
17053+5428,3rd,36.786,0.019,1.63,2.909,5.649,2.35,2.561,2.778,1.186,1.291,1.4,1.164,1.27,1.377,3rd,36.786,0.019,2.889,2.52,2
17066+0039,H97,18.73,2.14,1.047,2.26,6.448,1.697,1.823,1.95,0.913,0.975,1.045,0.783,0.847,0.905,H97,18.73,2.14,2.18,1.03,171
17102+5430,H07,50.184,1.741,0.916,1.406,2.179,1.29,1.376,1.459,0.667,0.707,0.749,0.624,0.67,0.71,H07,50.184,1.741,1.399,22.14,133
17136+1716,H07,8.21,1.98,0.58,2.18,9.563,1.803,1.971,2.234,0.898,0.981,1.111,0.905,0.989,1.123,H07,8.21,1.98,2.0,0.48,133
17141-0824,tgas,34.32,0.35,1.32,1.569,1.853,1.296,1.38,1.466,0.775,0.828,0.875,0.521,0.551,0.591,tgas,34.32,0.35,1.568,1.48,46
17191-4638,DR3,113.738,0.071,0.213,1.747,9.644,1.359,1.439,1.535,0.824,0.871,0.925,0.535,0.568,0.61,DR3,113.738,0.071,1.613,10.42,258
17420+1557,DR3,28.467,0.047,0.798,2.389,7.832,2.052,2.213,2.401,1.344,1.463,1.601,0.708,0.75,0.8,DR3,28.467,0.047,2.351,1.47,102
17443-7213,H97,22.67,1.34,1.693,2.202,2.87,2.094,2.287,2.502,1.056,1.153,1.263,1.038,1.134,1.239,H97,22.67,1.34,2.197,0.43,76
17465+2743,3rd,119.925,0.154,0.762,0.828,0.898,0.771,0.863,0.948,0.41,0.454,0.494,0.362,0.409,0.453,3rd,119.925,0.154,0.828,0.61,299
17506+0714,H97,10.26,1.9,0.766,2.648,10.232,2.366,2.653,3.012,1.204,1.346,1.531,1.163,1.307,1.481,DR3,10.289,0.059,2.46,0.58,164
17520+1520,DR3,5.427,0.105,1.927,5.782,18.948,4.806,5.625,6.513,2.394,2.807,3.252,2.412,2.817,3.262,DR3,5.427,0.105,5.686,0.83,163
17591+3228,DR3,8.32,0.502,0.224,1.84,10.279,2.003,2.151,2.349,1.02,1.106,1.207,0.983,1.045,1.142,H07,7.46,1.18,2.349,0.23,134
18055+0230,DR3,195.676,0.155,1.602,1.609,1.617,1.507,1.595,1.687,0.843,0.891,0.943,0.664,0.703,0.744,DR3,195.676,0.155,1.609,6.41,125
18068-4325,H07,23.9,0.66,1.044,3.132,10.255,2.8,3.06,3.356,1.41,1.542,1.692,1.39,1.517,1.665,H07,23.9,0.66,3.071,1.78,1
18126-7340,H97,24.48,0.69,0.302,2.467,13.66,2.143,2.318,2.506,1.342,1.462,1.601,0.801,0.856,0.905,H97,24.48,0.69,2.278,2.1,271
18126+3836,H07,6.85,0.93,0.967,3.148,11.206,2.575,2.858,3.199,1.351,1.503,1.687,1.224,1.355,1.512,H07,6.85,0.93,3.0,0.76,319
18146+0011,H97,11.45,1.97,0.687,2.342,8.833,2.234,2.503,2.814,1.153,1.292,1.454,1.081,1.211,1.36,H97,11.45,1.97,2.197,1.37,93
18191-3509,DR3,32.396,0.047,0.521,1.56,5.097,1.427,1.516,1.618,0.737,0.785,0.84,0.69,0.73,0.778,DR3,32.396,0.047,1.535,0.94,295
18229+1458,H07,12.61,1.04,1.059,2.196,4.181,1.928,2.058,2.234,0.991,1.06,1.162,0.938,0.998,1.073,H07,12.61,1.04,2.182,0.32,126
18428+5938,DR3,283.839,0.017,0.239,0.715,2.339,0.623,0.711,0.798,0.342,0.394,0.438,0.281,0.318,0.36,DR3,283.839,0.017,0.702,11.56,180
18443+3940,H07,20.09,0.78,1.016,3.066,10.092,3.164,3.496,3.862,1.768,1.969,2.185,1.396,1.527,1.677,H07,20.09,0.78,3.005,2.28,346
18570+3254,DR3,67.141,0.118,1.447,1.603,1.783,1.69,1.79,1.933,0.989,1.05,1.142,0.7,0.741,0.79,DR3,67.141,0.118,1.603,1.28,241
19043-2132,DR3,19.434,0.021,0.829,2.17,5.626,2.004,2.144,2.329,1.019,1.1,1.193,0.985,1.043,1.135,DR3,19.434,0.021,2.133,1.28,185
19064-3704,H97,55.89,1.94,2.302,2.551,2.836,2.265,2.465,2.681,1.139,1.241,1.348,1.126,1.225,1.332,H97,55.89,1.94,2.551,1.4,345
19071+7204,DR3,4.395,0.127,4.525,5.104,5.765,4.277,4.892,5.715,2.221,2.611,3.019,2.057,2.281,2.696,DR3,4.395,0.127,5.1,0.68,6
19072+2053,H07,115.864,1.619,0.108,0.881,4.841,0.682,0.785,0.875,0.341,0.393,0.438,0.34,0.392,0.437,H07,115.864,1.619,0.813,114.05,290
19126+1651,DR3,5.096,0.141,1.251,3.76,12.363,4.305,4.91,5.636,2.419,2.822,3.27,1.886,2.089,2.367,H07,4.12,0.84,6.98,0.63,136
19169+6312,DR3,12.695,0.014,1.025,3.079,10.04,2.474,2.692,2.932,1.335,1.452,1.587,1.139,1.24,1.345,DR3,12.695,0.014,3.025,1.87,328
19266+2719,DR3,16.313,0.013,1.652,2.564,4.375,2.03,2.187,2.377,1.032,1.124,1.221,0.998,1.063,1.155,DR3,16.313,0.013,2.556,2.2,289
19282-1209,DR3,26.715,0.042,1.82,1.878,1.937,1.728,1.831,1.938,0.872,0.926,0.98,0.856,0.906,0.958,DR3,26.715,0.042,1.878,1.09,289
19316+1747,H07,19.96,1.04,0.525,1.722,6.996,1.58,1.682,1.791,0.94,0.997,1.065,0.641,0.685,0.726,H07,19.96,1.04,1.718,1.8,119
19330+0546,DR3,7.588,0.025,0.37,2.71,16.576,2.33,2.532,2.758,1.292,1.402,1.531,1.038,1.13,1.227,DR3,7.588,0.025,2.682,1.03,305
19418+5032,DR3,47.327,0.013,0.769,2.3,7.534,1.977,2.101,2.282,1.007,1.078,1.169,0.97,1.023,1.113,DR3,47.327,0.013,2.261,39.76,133
19429+4043,DR3,4.951,0.041,2.874,4.659,7.584,4.108,4.703,5.338,2.388,2.801,3.243,1.72,1.902,2.094,DR3,4.951,0.041,4.636,0.8,15
19464+3344,DR3,47.641,0.012,1.427,1.524,1.626,1.433,1.52,1.625,0.723,0.768,0.821,0.71,0.752,0.803,DR3,47.641,0.012,1.524,3.06,157
19458+2710,DR3,93.877,0.022,0.068,0.554,3.059,0.426,0.487,0.559,0.231,0.265,0.306,0.195,0.222,0.252,DR3,93.877,0.022,0.51,2.27,60
19496-5525,H97,16.1,2.06,0.589,1.907,6.734,1.683,1.811,1.937,0.895,0.958,1.023,0.788,0.853,0.913,H97,16.1,2.06,1.826,1.21,132
19520-1021,H07,11.5,1.03,0.361,2.975,16.965,2.429,2.665,2.93,1.275,1.394,1.539,1.155,1.271,1.391,H07,11.5,1.03,2.725,0.6,212
19580+0456,DR3,8.016,0.046,2.251,2.745,3.331,2.247,2.441,2.651,1.114,1.211,1.314,1.132,1.23,1.337,DR3,8.016,0.046,2.744,0.59,343
19585+3317,H97,14.19,1.21,0.713,2.201,7.457,2.216,2.434,2.671,1.17,1.287,1.408,1.046,1.147,1.263,H97,14.19,1.21,2.136,0.69,145
20012-3835,H07,14.6,0.97,0.249,2.065,11.606,2.008,2.163,2.34,1.082,1.179,1.292,0.927,0.984,1.048,H07,14.6,0.97,1.898,1.24,32
20182+2912,H97,28.04,2.25,0.18,1.487,8.407,1.445,1.546,1.65,0.76,0.817,0.87,0.685,0.729,0.78,H97,28.04,2.25,1.366,1.21,96
20210+4437,H97,20.44,1.87,1.153,1.541,2.102,1.543,1.65,1.771,0.813,0.868,0.927,0.73,0.783,0.844,H97,20.44,1.87,1.538,0.81,25
20213+0250,DR3,19.575,0.027,1.28,1.56,1.892,1.567,1.672,1.771,0.804,0.857,0.906,0.763,0.815,0.865,DR3,19.575,0.027,1.559,1.19,42
20269-3724,DR3,25.456,0.04,1.945,2.087,2.242,2.134,2.291,2.457,1.216,1.32,1.434,0.918,0.971,1.023,DR3,25.456,0.04,2.086,1.57,125
20289-1749,dr2,33.662,0.121,1.918,2.887,4.233,2.4,2.588,2.828,1.42,1.553,1.701,0.979,1.035,1.127,dr2,33.662,0.121,2.881,1.64,190
20290+0710,H07,12.8,1.64,1.143,1.727,2.714,1.808,1.938,2.093,0.927,0.993,1.078,0.881,0.945,1.014,H07,12.8,1.64,1.722,0.48,89
20329+1357,DR3,16.234,0.193,1.206,1.3,1.4,1.463,1.558,1.666,0.744,0.795,0.851,0.719,0.763,0.816,DR3,16.234,0.193,1.299,0.5,139
20452-3120,DR3,101.348,0.053,0.115,0.934,5.143,0.81,0.899,0.982,0.407,0.451,0.492,0.403,0.448,0.49,DR3,101.348,0.053,0.86,2.1,145
20450+1244,DR3,10.86,0.061,0.777,2.327,7.612,2.138,2.324,2.536,1.071,1.164,1.27,1.067,1.16,1.266,DR3,10.86,0.061,2.287,0.67,354
20467+1607,H97,32.049,1.063,1.04,3.133,10.29,3.158,3.487,3.847,1.763,1.961,2.173,1.396,1.526,1.674,H97,32.049,1.063,3.072,8.93,266
20474+3629,dr2,4.989,0.342,3.59,11.284,44.014,8.623,9.789,11.636,5.402,6.211,7.346,3.221,3.646,4.29,dr2,4.989,0.342,11.15,0.93,2
20494+1124,DR3,27.208,0.154,1.097,1.338,1.624,1.369,1.449,1.54,0.692,0.733,0.78,0.677,0.716,0.76,DR3,27.208,0.154,1.338,0.6,312
20511+5125,DR3,8.134,0.064,0.577,3.125,16.473,3.059,3.356,3.71,1.647,1.812,2.018,1.412,1.544,1.691,DR3,8.134,0.064,3.124,0.73,39
20519+0544,DR3,10.327,0.062,0.288,2.349,12.983,2.094,2.279,2.48,1.044,1.137,1.236,1.05,1.142,1.244,DR3,10.327,0.062,2.176,0.66,319
20548+3242,DR3,15.958,0.032,0.633,2.251,8.479,2.047,2.223,2.416,1.023,1.115,1.211,1.023,1.109,1.205,DR3,15.958,0.032,2.215,0.97,284
20593+1534,3rd,2.371,0.021,4.503,4.629,4.758,4.775,5.421,6.201,2.735,3.162,3.538,2.04,2.259,2.662,3rd,2.371,0.021,4.628,0.53,303
21072-1355,DR3,57.548,0.017,0.156,1.284,7.071,1.335,1.421,1.511,0.802,0.856,0.905,0.533,0.565,0.606,H97,56.67,1.18,1.241,3.66,185
21200+5259,DR3,12.143,0.015,0.397,3.241,17.881,2.564,2.781,3.034,1.299,1.409,1.54,1.266,1.372,1.494,DR3,12.143,0.015,2.979,6.85,114
21243+0343,H97,9.21,3.23,0.928,2.292,8.302,1.853,2.076,2.552,0.941,1.056,1.305,0.912,1.02,1.247,H97,9.21,3.23,2.295,0.3,217
21441+2845,DR3,45.156,0.122,1.552,2.295,3.406,2.286,2.455,2.679,1.3,1.411,1.543,0.986,1.044,1.136,DR3,45.156,0.122,2.288,1.65,319
21555+1053,H07,20.93,1.21,1.559,1.869,2.259,1.814,1.928,2.057,0.944,1.002,1.075,0.87,0.926,0.983,H07,20.93,1.21,1.868,1.06,25
22038+6438,H07,33.79,1.06,0.666,3.405,16.909,2.624,2.877,3.17,1.587,1.747,1.94,1.037,1.13,1.229,H07,33.79,1.06,3.368,8.05,275
22070+3605,H07,5.46,0.82,2.003,3.462,6.273,2.94,3.305,3.761,1.686,1.916,2.2,1.254,1.39,1.561,H07,5.46,0.82,3.402,1.06,316
22107+0755,H07,26.3,3.91,0.167,1.438,8.661,1.096,1.193,1.314,0.555,0.606,0.667,0.541,0.588,0.647,H97,26.63,8.18,1.254,0.89,5
22180-6249,DR3,9.022,0.097,0.618,2.195,9.028,2.291,2.489,2.725,1.559,1.709,1.891,0.732,0.78,0.835,DR3,9.022,0.097,2.184,1.62,197
22234+3228,DR3,65.487,0.044,0.117,0.949,5.222,0.845,0.932,1.007,0.424,0.468,0.505,0.42,0.464,0.502,DR3,65.487,0.044,0.876,1.25,254
22266-1645,dr2,51.508,0.13,0.685,2.052,6.734,1.868,1.978,2.099,0.942,0.997,1.062,0.927,0.981,1.037,dr2,51.508,0.13,2.017,1.2,69
22281+1215,H97,15.87,1.28,0.296,2.438,13.757,2.119,2.29,2.487,1.276,1.394,1.534,0.844,0.896,0.953,H97,15.87,1.28,2.233,0.97,182
22288-0001,H07,35.5,1.26,2.129,3.989,8.412,3.104,3.413,3.78,1.59,1.75,1.945,1.514,1.662,1.834,H07,35.5,1.26,3.943,2.31,163
22384-6523,H07,75.87,5.83,0.095,0.782,4.421,0.64,0.739,0.839,0.318,0.366,0.417,0.321,0.373,0.422,H07,75.87,5.83,0.718,0.48,103
22400+0113,DR3,11.638,0.028,0.724,2.172,7.117,2.074,2.227,2.402,1.126,1.224,1.33,0.948,1.004,1.072,DR3,11.638,0.028,2.133,0.82,165
22406+0632,H97,5.26,3.83,0.378,2.731,47.215,2.045,2.588,3.963,1.023,1.297,1.986,1.022,1.292,1.977,H97,5.26,3.83,2.839,0.51,337
22504-1744,oth,14.941,2.988,0.916,1.614,3.19,1.376,1.495,1.655,0.699,0.76,0.843,0.677,0.735,0.812,x,14.941,2.988,1.61,0.31,237
23009+3522,DR3,16.679,0.019,0.521,1.562,5.103,1.479,1.573,1.67,0.781,0.835,0.883,0.698,0.738,0.787,DR3,16.679,0.019,1.536,0.97,303
23357-2729,H97,25.96,1.11,1.625,2.055,2.596,1.91,2.054,2.217,1.071,1.166,1.275,0.839,0.888,0.942,H97,25.96,1.11,2.053,0.67,31
23401+1258,H07,15.61,1.83,0.213,1.802,10.504,1.59,1.706,1.837,0.874,0.937,1.003,0.717,0.769,0.834,H97,15.45,2.46,1.697,0.89,35
23506-5142,DR3,28.353,0.036,1.685,1.758,1.833,1.689,1.786,1.892,0.86,0.911,0.963,0.828,0.875,0.929,DR3,28.353,0.036,1.758,0.96,60
23524+7533,DR3,91.772,0.042,0.144,1.178,6.517,1.083,1.171,1.27,0.786,0.841,0.888,0.297,0.33,0.381,DR3,91.772,0.042,1.092,2.18,314
01001+4443,DR3,6.765,0.025,0.668,5.428,29.969,4.671,5.297,6.061,2.665,3.074,3.462,2.006,2.223,2.611,dr2,6.596,0.052,5.416,7.88,194
08508+3504,H97,17.24,1.83,1.351,2.476,4.799,2.211,2.43,2.673,1.113,1.223,1.347,1.097,1.206,1.326,H97,17.24,1.83,2.415,3.48,279
08582+1945,DR3,194.734,0.104,0.094,0.281,0.92,0.241,0.268,0.295,0.114,0.127,0.138,0.13,0.141,0.157,DR3,194.734,0.104,0.276,2.17,51
09572+4554,DR3,14.002,0.014,1.063,1.993,3.822,1.839,1.944,2.089,0.973,1.026,1.117,0.866,0.918,0.972,DR3,14.002,0.014,1.975,4.5,250
12281+4448,DR3,22.07,0.015,1.697,2.215,2.908,1.982,2.13,2.299,1.031,1.122,1.219,0.952,1.008,1.08,DR3,22.07,0.015,2.212,9.71,157
13540+3249,H07,14.0,1.05,1.628,2.193,2.978,1.965,2.106,2.295,1.007,1.087,1.188,0.958,1.019,1.107,H07,14.0,1.05,2.184,6.68,328
14051+4913,DR3,5.212,0.009,0.853,1.788,3.305,1.731,1.836,1.943,0.868,0.921,0.975,0.863,0.915,0.968,DR3,5.212,0.009,1.78,4.63,85
17590+3003,H07,2.416,1.203,0.566,6.769,97.1,5.6,7.877,12.855,3.527,5.004,8.183,2.075,2.883,4.707,H07,2.416,1.203,5.762,19.65,277
02452-4344,3rd,90.177,0.025,0.296,0.419,0.587,0.428,0.49,0.564,0.228,0.262,0.303,0.2,0.228,0.261,3rd,90.177,0.025,0.418,0.4,131
03513+2621,3rd,9.259,0.018,0.853,2.557,8.371,2.362,2.57,2.787,1.203,1.306,1.417,1.159,1.265,1.37,3rd,9.259,0.018,2.51,0.42,195
08317+1924,3rd,60.06,0.036,0.07,0.567,3.125,0.441,0.508,0.575,0.244,0.283,0.319,0.197,0.225,0.257,3rd,60.06,0.036,0.523,0.97,185
13450+0206,DR3,23.4,0.073,0.483,1.445,4.714,1.145,1.221,1.299,0.622,0.667,0.707,0.523,0.553,0.593,DR3,23.4,0.073,1.422,0.63,58
11499+3754,DR3,11.756,0.2,0.859,1.701,3.477,1.603,1.705,1.806,0.78,0.834,0.882,0.823,0.87,0.925,DR3,11.756,0.2,1.683,0.54,301
04406-0912,H07,50.8,3.74,0.852,1.17,1.629,0.992,1.061,1.131,0.493,0.527,0.561,0.499,0.533,0.569,H07,50.8,3.74,1.161,1.72,190
05069-2135,3rd,50.434,0.02,0.968,1.035,1.106,0.901,0.977,1.048,0.489,0.522,0.552,0.412,0.456,0.496,3rd,50.434,0.02,1.034,0.96,112
08289-1552,H97,29.69,1.63,0.837,1.526,2.559,1.339,1.421,1.517,0.818,0.868,0.924,0.52,0.552,0.593,H97,29.69,1.63,1.527,1.33,260
18581+4711,DR3,18.907,0.015,0.238,1.958,10.809,1.85,1.958,2.075,0.936,0.991,1.052,0.914,0.967,1.023,DR3,18.907,0.015,1.801,1.41,186
